row_key,month,specialty_code,specialty_name,providers,waiting_list,median_wait_weeks_est,pct_within_18_weeks
2024-05|C_100,2024-05,C_100,General Surgery Service,279,423824,15.0,57.0
2024-05|C_101,2024-05,C_101,Urology Service,220,418329,14.9,57.7
2024-05|C_110,2024-05,C_110,Trauma and Orthopaedic Service,309,845433,15.5,55.9
2024-05|C_120,2024-05,C_120,Ear Nose and Throat Service,182,657724,17.6,50.9
2024-05|C_130,2024-05,C_130,Ophthalmology Service,272,615479,11.7,66.4
2024-05|C_140,2024-05,C_140,Oral Surgery Service,120,330205,17.7,50.7
2024-05|C_150,2024-05,C_150,Neurosurgical Service,65,60016,14.9,57.5
2024-05|C_160,2024-05,C_160,Plastic Surgery Service,122,106322,16.5,53.0
2024-05|C_170,2024-05,C_170,Cardiothoracic Surgery Service,56,9335,11.5,66.4
2024-05|C_300,2024-05,C_300,General Internal Medicine Service,116,39739,11.5,67.8
2024-05|C_301,2024-05,C_301,Gastroenterology Service,212,391245,13.4,61.0
2024-05|C_320,2024-05,C_320,Cardiology Service,138,413836,13.9,60.6
2024-05|C_330,2024-05,C_330,Dermatology Service,128,424495,12.8,61.9
2024-05|C_340,2024-05,C_340,Respiratory Medicine Service,126,228341,12.8,64.2
2024-05|C_400,2024-05,C_400,Neurology Service,112,237762,16.5,53.7
2024-05|C_410,2024-05,C_410,Rheumatology Service,134,124214,11.6,66.8
2024-05|C_430,2024-05,C_430,Elderly Medicine Service,122,23947,7.9,78.8
2024-05|C_502,2024-05,C_502,Gynaecology Service,205,598348,16.1,54.4
2024-05|C_999,2024-05,C_999,Total,446,7631739,14.2,59.1
2024-05|X02,2024-05,X02,Other - Medical Services,166,645663,12.3,64.8
2024-05|X03,2024-05,X03,Other - Mental Health Services,32,2912,9.5,76.7
2024-05|X04,2024-05,X04,Other - Paediatric Services,124,364430,13.5,61.4
2024-05|X05,2024-05,X05,Other - Surgical Services,158,492663,13.9,59.5
2024-05|X06,2024-05,X06,Other - Other Services,197,177477,10.2,71.3
2024-06|C_100,2024-06,C_100,General Surgery Service,279,424280,15.0,56.8
2024-06|C_101,2024-06,C_101,Urology Service,222,415183,15.1,57.0
2024-06|C_110,2024-06,C_110,Trauma and Orthopaedic Service,306,847853,15.4,56.0
2024-06|C_120,2024-06,C_120,Ear Nose and Throat Service,182,659565,18.0,50.1
2024-06|C_130,2024-06,C_130,Ophthalmology Service,272,612323,11.4,66.1
2024-06|C_140,2024-06,C_140,Oral Surgery Service,119,328007,18.0,50.1
2024-06|C_150,2024-06,C_150,Neurosurgical Service,65,59290,14.8,57.6
2024-06|C_160,2024-06,C_160,Plastic Surgery Service,119,108625,16.1,53.9
2024-06|C_170,2024-06,C_170,Cardiothoracic Surgery Service,55,9446,11.3,66.8
2024-06|C_300,2024-06,C_300,General Internal Medicine Service,117,39503,11.2,68.0
2024-06|C_301,2024-06,C_301,Gastroenterology Service,213,391726,13.6,60.7
2024-06|C_320,2024-06,C_320,Cardiology Service,139,418834,14.1,60.2
2024-06|C_330,2024-06,C_330,Dermatology Service,128,435729,12.3,62.7
2024-06|C_340,2024-06,C_340,Respiratory Medicine Service,127,230691,12.7,63.6
2024-06|C_400,2024-06,C_400,Neurology Service,112,237665,16.6,53.3
2024-06|C_410,2024-06,C_410,Rheumatology Service,136,126365,11.2,67.0
2024-06|C_430,2024-06,C_430,Elderly Medicine Service,122,24515,7.6,79.3
2024-06|C_502,2024-06,C_502,Gynaecology Service,204,597279,16.2,54.2
2024-06|C_999,2024-06,C_999,Total,447,7651959,14.4,58.9
2024-06|X02,2024-06,X02,Other - Medical Services,166,647821,12.1,64.7
2024-06|X03,2024-06,X03,Other - Mental Health Services,37,2810,9.3,76.3
2024-06|X04,2024-06,X04,Other - Paediatric Services,124,364528,13.7,60.9
2024-06|X05,2024-06,X05,Other - Surgical Services,162,491515,14.1,59.2
2024-06|X06,2024-06,X06,Other - Other Services,195,178406,9.9,71.1
2024-07|C_100,2024-07,C_100,General Surgery Service,276,420346,14.5,57.2
2024-07|C_101,2024-07,C_101,Urology Service,221,412046,14.8,56.6
2024-07|C_110,2024-07,C_110,Trauma and Orthopaedic Service,308,858922,14.7,56.9
2024-07|C_120,2024-07,C_120,Ear Nose and Throat Service,183,658610,18.3,49.4
2024-07|C_130,2024-07,C_130,Ophthalmology Service,274,608852,11.6,65.7
2024-07|C_140,2024-07,C_140,Oral Surgery Service,118,325637,18.3,49.3
2024-07|C_150,2024-07,C_150,Neurosurgical Service,66,58433,14.2,58.2
2024-07|C_160,2024-07,C_160,Plastic Surgery Service,115,108600,15.6,54.1
2024-07|C_170,2024-07,C_170,Cardiothoracic Surgery Service,56,9593,10.8,67.1
2024-07|C_300,2024-07,C_300,General Internal Medicine Service,114,41030,11.3,68.1
2024-07|C_301,2024-07,C_301,Gastroenterology Service,213,390372,13.3,61.1
2024-07|C_320,2024-07,C_320,Cardiology Service,141,419360,13.8,59.9
2024-07|C_330,2024-07,C_330,Dermatology Service,128,441761,12.3,62.6
2024-07|C_340,2024-07,C_340,Respiratory Medicine Service,126,231038,12.7,63.4
2024-07|C_400,2024-07,C_400,Neurology Service,114,238918,16.1,53.6
2024-07|C_410,2024-07,C_410,Rheumatology Service,137,128541,11.3,66.8
2024-07|C_430,2024-07,C_430,Elderly Medicine Service,122,25325,7.4,80.6
2024-07|C_502,2024-07,C_502,Gynaecology Service,207,592743,15.7,54.4
2024-07|C_999,2024-07,C_999,Total,451,7653731,14.0,58.8
2024-07|X02,2024-07,X02,Other - Medical Services,168,649612,12.0,64.5
2024-07|X03,2024-07,X03,Other - Mental Health Services,35,2501,8.3,77.6
2024-07|X04,2024-07,X04,Other - Paediatric Services,124,361700,13.7,60.0
2024-07|X05,2024-07,X05,Other - Surgical Services,158,492566,13.6,59.4
2024-07|X06,2024-07,X06,Other - Other Services,198,177225,10.2,70.3
2024-08|C_100,2024-08,C_100,General Surgery Service,278,422244,15.0,56.8
2024-08|C_101,2024-08,C_101,Urology Service,223,409690,15.3,56.2
2024-08|C_110,2024-08,C_110,Trauma and Orthopaedic Service,309,862121,15.1,56.9
2024-08|C_120,2024-08,C_120,Ear Nose and Throat Service,184,652203,18.7,48.4
2024-08|C_130,2024-08,C_130,Ophthalmology Service,276,610266,11.9,65.3
2024-08|C_140,2024-08,C_140,Oral Surgery Service,118,325502,18.4,49.0
2024-08|C_150,2024-08,C_150,Neurosurgical Service,66,61087,14.5,58.9
2024-08|C_160,2024-08,C_160,Plastic Surgery Service,116,109717,15.9,54.3
2024-08|C_170,2024-08,C_170,Cardiothoracic Surgery Service,56,9697,10.9,68.4
2024-08|C_300,2024-08,C_300,General Internal Medicine Service,114,42460,11.8,67.7
2024-08|C_301,2024-08,C_301,Gastroenterology Service,217,391431,13.6,60.8
2024-08|C_320,2024-08,C_320,Cardiology Service,138,420133,14.6,58.8
2024-08|C_330,2024-08,C_330,Dermatology Service,128,450272,13.2,61.3
2024-08|C_340,2024-08,C_340,Respiratory Medicine Service,126,231968,13.4,62.5
2024-08|C_400,2024-08,C_400,Neurology Service,114,240108,16.7,53.0
2024-08|C_410,2024-08,C_410,Rheumatology Service,137,130913,12.0,66.0
2024-08|C_430,2024-08,C_430,Elderly Medicine Service,122,25738,8.2,80.2
2024-08|C_502,2024-08,C_502,Gynaecology Service,209,593874,16.2,54.0
2024-08|C_999,2024-08,C_999,Total,453,7673036,14.6,58.2
2024-08|X02,2024-08,X02,Other - Medical Services,166,654470,12.6,63.8
2024-08|X03,2024-08,X03,Other - Mental Health Services,35,2250,9.7,73.4
2024-08|X04,2024-08,X04,Other - Paediatric Services,126,357519,14.7,58.6
2024-08|X05,2024-08,X05,Other - Surgical Services,156,491230,14.3,58.7
2024-08|X06,2024-08,X06,Other - Other Services,200,178143,10.3,70.6
2024-09|C_100,2024-09,C_100,General Surgery Service,281,414356,14.7,57.6
2024-09|C_101,2024-09,C_101,Urology Service,220,404560,15.1,56.6
2024-09|C_110,2024-09,C_110,Trauma and Orthopaedic Service,309,860144,14.9,57.3
2024-09|C_120,2024-09,C_120,Ear Nose and Throat Service,182,641151,18.6,48.6
2024-09|C_130,2024-09,C_130,Ophthalmology Service,278,602445,11.9,65.3
2024-09|C_140,2024-09,C_140,Oral Surgery Service,118,326075,18.1,49.7
2024-09|C_150,2024-09,C_150,Neurosurgical Service,64,61422,13.8,59.5
2024-09|C_160,2024-09,C_160,Plastic Surgery Service,116,109219,15.7,54.9
2024-09|C_170,2024-09,C_170,Cardiothoracic Surgery Service,55,9446,11.1,68.3
2024-09|C_300,2024-09,C_300,General Internal Medicine Service,113,41497,11.7,68.2
2024-09|C_301,2024-09,C_301,Gastroenterology Service,218,391004,13.3,61.3
2024-09|C_320,2024-09,C_320,Cardiology Service,142,413624,14.5,58.8
2024-09|C_330,2024-09,C_330,Dermatology Service,129,447947,13.5,60.6
2024-09|C_340,2024-09,C_340,Respiratory Medicine Service,125,230063,13.5,61.9
2024-09|C_400,2024-09,C_400,Neurology Service,115,238238,16.2,53.9
2024-09|C_410,2024-09,C_410,Rheumatology Service,138,127503,12.2,65.6
2024-09|C_430,2024-09,C_430,Elderly Medicine Service,123,25418,8.2,80.6
2024-09|C_502,2024-09,C_502,Gynaecology Service,211,589129,15.9,54.6
2024-09|C_999,2024-09,C_999,Total,457,7603031,14.4,58.5
2024-09|X02,2024-09,X02,Other - Medical Services,166,647448,12.6,63.9
2024-09|X03,2024-09,X03,Other - Mental Health Services,35,2018,9.9,73.7
2024-09|X04,2024-09,X04,Other - Paediatric Services,126,349415,14.8,58.1
2024-09|X05,2024-09,X05,Other - Surgical Services,160,490944,13.9,59.3
2024-09|X06,2024-09,X06,Other - Other Services,202,179965,10.2,70.6
2024-10|C_100,2024-10,C_100,General Surgery Service,276,413265,14.5,58.1
2024-10|C_101,2024-10,C_101,Urology Service,218,405234,14.6,57.6
2024-10|C_110,2024-10,C_110,Trauma and Orthopaedic Service,309,864077,14.7,58.0
2024-10|C_120,2024-10,C_120,Ear Nose and Throat Service,181,638909,18.6,48.7
2024-10|C_130,2024-10,C_130,Ophthalmology Service,282,595895,11.5,66.1
2024-10|C_140,2024-10,C_140,Oral Surgery Service,121,327047,17.8,50.4
2024-10|C_150,2024-10,C_150,Neurosurgical Service,67,61540,13.7,60.4
2024-10|C_160,2024-10,C_160,Plastic Surgery Service,118,109523,15.7,55.1
2024-10|C_170,2024-10,C_170,Cardiothoracic Surgery Service,54,9203,10.9,68.2
2024-10|C_300,2024-10,C_300,General Internal Medicine Service,114,40735,11.3,69.2
2024-10|C_301,2024-10,C_301,Gastroenterology Service,219,393372,13.1,62.1
2024-10|C_320,2024-10,C_320,Cardiology Service,144,413446,14.1,59.6
2024-10|C_330,2024-10,C_330,Dermatology Service,128,437450,13.8,59.7
2024-10|C_340,2024-10,C_340,Respiratory Medicine Service,128,226788,13.6,61.6
2024-10|C_400,2024-10,C_400,Neurology Service,115,237823,16.2,54.2
2024-10|C_410,2024-10,C_410,Rheumatology Service,135,126265,12.1,65.8
2024-10|C_430,2024-10,C_430,Elderly Medicine Service,123,24493,7.6,81.5
2024-10|C_502,2024-10,C_502,Gynaecology Service,209,591580,15.7,55.3
2024-10|C_999,2024-10,C_999,Total,459,7572784,14.2,58.9
2024-10|X02,2024-10,X02,Other - Medical Services,168,644560,12.4,64.2
2024-10|X03,2024-10,X03,Other - Mental Health Services,34,3011,9.2,72.8
2024-10|X04,2024-10,X04,Other - Paediatric Services,124,345310,14.7,58.1
2024-10|X05,2024-10,X05,Other - Surgical Services,159,487115,13.6,60.0
2024-10|X06,2024-10,X06,Other - Other Services,201,176143,10.1,70.5
2024-11|C_100,2024-11,C_100,General Surgery Service,275,409706,14.4,58.1
2024-11|C_101,2024-11,C_101,Urology Service,219,407637,14.2,58.4
2024-11|C_110,2024-11,C_110,Trauma and Orthopaedic Service,309,862433,14.5,58.1
2024-11|C_120,2024-11,C_120,Ear Nose and Throat Service,178,634489,18.4,49.2
2024-11|C_130,2024-11,C_130,Ophthalmology Service,284,585699,11.0,66.6
2024-11|C_140,2024-11,C_140,Oral Surgery Service,121,329042,17.5,51.1
2024-11|C_150,2024-11,C_150,Neurosurgical Service,67,60692,13.5,60.7
2024-11|C_160,2024-11,C_160,Plastic Surgery Service,116,107082,15.9,54.6
2024-11|C_170,2024-11,C_170,Cardiothoracic Surgery Service,50,9242,10.6,68.1
2024-11|C_300,2024-11,C_300,General Internal Medicine Service,112,41258,11.0,69.1
2024-11|C_301,2024-11,C_301,Gastroenterology Service,220,393527,12.7,62.6
2024-11|C_320,2024-11,C_320,Cardiology Service,143,413062,14.0,59.5
2024-11|C_330,2024-11,C_330,Dermatology Service,129,420784,14.1,59.2
2024-11|C_340,2024-11,C_340,Respiratory Medicine Service,127,224341,13.2,61.6
2024-11|C_400,2024-11,C_400,Neurology Service,115,237833,16.0,54.5
2024-11|C_410,2024-11,C_410,Rheumatology Service,135,125296,11.8,65.4
2024-11|C_430,2024-11,C_430,Elderly Medicine Service,123,24375,7.4,82.0
2024-11|C_502,2024-11,C_502,Gynaecology Service,211,586011,15.4,55.7
2024-11|C_999,2024-11,C_999,Total,462,7511140,14.0,59.1
2024-11|X02,2024-11,X02,Other - Medical Services,169,638412,12.0,64.2
2024-11|X03,2024-11,X03,Other - Mental Health Services,37,3094,8.0,74.3
2024-11|X04,2024-11,X04,Other - Paediatric Services,124,338253,14.0,58.7
2024-11|X05,2024-11,X05,Other - Surgical Services,162,484065,13.3,60.3
2024-11|X06,2024-11,X06,Other - Other Services,203,174807,9.9,70.3
2024-12|C_100,2024-12,C_100,General Surgery Service,274,408588,14.7,57.7
2024-12|C_101,2024-12,C_101,Urology Service,216,411528,14.1,58.8
2024-12|C_110,2024-12,C_110,Trauma and Orthopaedic Service,307,861778,15.1,57.1
2024-12|C_120,2024-12,C_120,Ear Nose and Throat Service,177,634612,18.5,49.2
2024-12|C_130,2024-12,C_130,Ophthalmology Service,285,591478,11.5,66.7
2024-12|C_140,2024-12,C_140,Oral Surgery Service,122,326448,17.8,50.5
2024-12|C_150,2024-12,C_150,Neurosurgical Service,66,60774,13.7,61.0
2024-12|C_160,2024-12,C_160,Plastic Surgery Service,122,106305,16.3,53.7
2024-12|C_170,2024-12,C_170,Cardiothoracic Surgery Service,51,10576,11.3,67.9
2024-12|C_300,2024-12,C_300,General Internal Medicine Service,109,41196,11.6,68.0
2024-12|C_301,2024-12,C_301,Gastroenterology Service,219,397354,13.0,62.5
2024-12|C_320,2024-12,C_320,Cardiology Service,142,414434,13.9,59.9
2024-12|C_330,2024-12,C_330,Dermatology Service,132,404534,14.8,57.6
2024-12|C_340,2024-12,C_340,Respiratory Medicine Service,127,220207,13.1,62.5
2024-12|C_400,2024-12,C_400,Neurology Service,112,236825,16.2,54.1
2024-12|C_410,2024-12,C_410,Rheumatology Service,133,124455,12.3,64.8
2024-12|C_430,2024-12,C_430,Elderly Medicine Service,123,24630,8.0,82.0
2024-12|C_502,2024-12,C_502,Gynaecology Service,212,587396,15.6,55.4
2024-12|C_999,2024-12,C_999,Total,462,7494301,14.2,58.9
2024-12|X02,2024-12,X02,Other - Medical Services,169,643119,12.5,64.2
2024-12|X03,2024-12,X03,Other - Mental Health Services,35,3092,8.9,75.7
2024-12|X04,2024-12,X04,Other - Paediatric Services,124,339221,14.0,59.3
2024-12|X05,2024-12,X05,Other - Surgical Services,160,479153,13.8,59.9
2024-12|X06,2024-12,X06,Other - Other Services,199,166598,10.2,71.1
2025-01|C_100,2025-01,C_100,General Surgery Service,276,407496,14.8,57.7
2025-01|C_101,2025-01,C_101,Urology Service,220,412901,14.2,59.2
2025-01|C_110,2025-01,C_110,Trauma and Orthopaedic Service,306,856427,15.6,56.4
2025-01|C_120,2025-01,C_120,Ear Nose and Throat Service,180,638833,18.2,49.5
2025-01|C_130,2025-01,C_130,Ophthalmology Service,286,582028,11.6,66.7
2025-01|C_140,2025-01,C_140,Oral Surgery Service,121,325854,17.8,50.6
2025-01|C_150,2025-01,C_150,Neurosurgical Service,63,60578,14.1,60.4
2025-01|C_160,2025-01,C_160,Plastic Surgery Service,122,105513,16.8,52.9
2025-01|C_170,2025-01,C_170,Cardiothoracic Surgery Service,48,10424,11.1,68.4
2025-01|C_300,2025-01,C_300,General Internal Medicine Service,111,40901,11.7,68.6
2025-01|C_301,2025-01,C_301,Gastroenterology Service,219,396590,13.2,62.5
2025-01|C_320,2025-01,C_320,Cardiology Service,143,416642,14.1,60.2
2025-01|C_330,2025-01,C_330,Dermatology Service,131,400736,14.9,57.2
2025-01|C_340,2025-01,C_340,Respiratory Medicine Service,128,220417,13.0,63.2
2025-01|C_400,2025-01,C_400,Neurology Service,112,236116,16.5,53.7
2025-01|C_410,2025-01,C_410,Rheumatology Service,132,122900,12.4,64.5
2025-01|C_430,2025-01,C_430,Elderly Medicine Service,122,24207,8.3,81.5
2025-01|C_502,2025-01,C_502,Gynaecology Service,211,584121,15.9,55.1
2025-01|C_999,2025-01,C_999,Total,462,7458412,14.4,58.8
2025-01|X02,2025-01,X02,Other - Medical Services,168,633325,12.6,64.0
2025-01|X03,2025-01,X03,Other - Mental Health Services,36,3007,9.1,76.7
2025-01|X04,2025-01,X04,Other - Paediatric Services,123,333155,14.1,59.8
2025-01|X05,2025-01,X05,Other - Surgical Services,160,482153,13.8,60.0
2025-01|X06,2025-01,X06,Other - Other Services,195,164088,10.1,71.2
2025-02|C_100,2025-02,C_100,General Surgery Service,278,408202,14.5,58.2
2025-02|C_101,2025-02,C_101,Urology Service,222,413772,14.0,59.4
2025-02|C_110,2025-02,C_110,Trauma and Orthopaedic Service,306,850100,15.5,56.0
2025-02|C_120,2025-02,C_120,Ear Nose and Throat Service,179,635289,17.9,50.2
2025-02|C_130,2025-02,C_130,Ophthalmology Service,291,584467,11.3,67.4
2025-02|C_140,2025-02,C_140,Oral Surgery Service,123,328021,17.7,50.7
2025-02|C_150,2025-02,C_150,Neurosurgical Service,66,60272,14.1,59.9
2025-02|C_160,2025-02,C_160,Plastic Surgery Service,119,103851,16.5,53.2
2025-02|C_170,2025-02,C_170,Cardiothoracic Surgery Service,52,10339,11.5,67.3
2025-02|C_300,2025-02,C_300,General Internal Medicine Service,114,43862,11.7,69.1
2025-02|C_301,2025-02,C_301,Gastroenterology Service,217,394904,13.2,62.5
2025-02|C_320,2025-02,C_320,Cardiology Service,142,413005,14.0,60.4
2025-02|C_330,2025-02,C_330,Dermatology Service,127,390375,14.4,58.0
2025-02|C_340,2025-02,C_340,Respiratory Medicine Service,126,217434,12.9,63.5
2025-02|C_400,2025-02,C_400,Neurology Service,109,232844,16.5,53.6
2025-02|C_410,2025-02,C_410,Rheumatology Service,130,121903,12.2,64.8
2025-02|C_430,2025-02,C_430,Elderly Medicine Service,121,24001,7.4,81.5
2025-02|C_502,2025-02,C_502,Gynaecology Service,211,582825,15.6,55.5
2025-02|C_999,2025-02,C_999,Total,463,7431912,14.2,59.1
2025-02|X02,2025-02,X02,Other - Medical Services,167,631021,12.5,64.2
2025-02|X03,2025-02,X03,Other - Mental Health Services,34,2981,9.6,76.0
2025-02|X04,2025-02,X04,Other - Paediatric Services,123,333609,13.7,60.5
2025-02|X05,2025-02,X05,Other - Surgical Services,160,484608,13.4,60.6
2025-02|X06,2025-02,X06,Other - Other Services,196,164227,9.7,71.9
2025-03|C_100,2025-03,C_100,General Surgery Service,279,404551,14.1,59.0
2025-03|C_101,2025-03,C_101,Urology Service,219,415604,13.9,59.8
2025-03|C_110,2025-03,C_110,Trauma and Orthopaedic Service,306,851546,15.3,56.5
2025-03|C_120,2025-03,C_120,Ear Nose and Throat Service,180,638900,17.6,50.9
2025-03|C_130,2025-03,C_130,Ophthalmology Service,291,588234,9.9,68.2
2025-03|C_140,2025-03,C_140,Oral Surgery Service,123,329547,17.7,50.7
2025-03|C_150,2025-03,C_150,Neurosurgical Service,59,59315,14.3,59.5
2025-03|C_160,2025-03,C_160,Plastic Surgery Service,123,103673,16.3,54.0
2025-03|C_170,2025-03,C_170,Cardiothoracic Surgery Service,51,10419,10.8,67.2
2025-03|C_300,2025-03,C_300,General Internal Medicine Service,112,42329,11.2,67.2
2025-03|C_301,2025-03,C_301,Gastroenterology Service,219,395928,12.4,62.6
2025-03|C_320,2025-03,C_320,Cardiology Service,140,416604,13.7,60.9
2025-03|C_330,2025-03,C_330,Dermatology Service,126,395872,13.0,59.5
2025-03|C_340,2025-03,C_340,Respiratory Medicine Service,127,216719,11.9,64.2
2025-03|C_400,2025-03,C_400,Neurology Service,108,229105,16.3,54.0
2025-03|C_410,2025-03,C_410,Rheumatology Service,131,122504,10.8,65.8
2025-03|C_430,2025-03,C_430,Elderly Medicine Service,120,24041,7.5,81.3
2025-03|C_502,2025-03,C_502,Gynaecology Service,205,583974,15.5,55.8
2025-03|C_999,2025-03,C_999,Total,465,7449470,13.8,59.7
2025-03|X02,2025-03,X02,Other - Medical Services,169,631071,11.3,65.0
2025-03|X03,2025-03,X03,Other - Mental Health Services,31,2808,8.6,76.9
2025-03|X04,2025-03,X04,Other - Paediatric Services,122,332816,12.7,61.5
2025-03|X05,2025-03,X05,Other - Surgical Services,159,485981,12.4,60.9
2025-03|X06,2025-03,X06,Other - Other Services,202,167929,8.6,72.9
2025-04|C_100,2025-04,C_100,General Surgery Service,276,397596,13.5,59.1
2025-04|C_101,2025-04,C_101,Urology Service,222,409715,13.5,59.2
2025-04|C_110,2025-04,C_110,Trauma and Orthopaedic Service,307,852738,14.6,56.4
2025-04|C_120,2025-04,C_120,Ear Nose and Throat Service,181,640611,17.1,50.9
2025-04|C_130,2025-04,C_130,Ophthalmology Service,293,590862,10.2,68.8
2025-04|C_140,2025-04,C_140,Oral Surgery Service,125,330221,17.5,50.4
2025-04|C_150,2025-04,C_150,Neurosurgical Service,60,59217,13.9,58.8
2025-04|C_160,2025-04,C_160,Plastic Surgery Service,126,102317,15.4,53.9
2025-04|C_170,2025-04,C_170,Cardiothoracic Surgery Service,49,10118,11.2,66.7
2025-04|C_300,2025-04,C_300,General Internal Medicine Service,112,39540,11.4,68.0
2025-04|C_301,2025-04,C_301,Gastroenterology Service,221,387757,12.6,62.5
2025-04|C_320,2025-04,C_320,Cardiology Service,142,410447,13.2,60.5
2025-04|C_330,2025-04,C_330,Dermatology Service,127,402039,12.5,60.6
2025-04|C_340,2025-04,C_340,Respiratory Medicine Service,126,213536,12.3,64.0
2025-04|C_400,2025-04,C_400,Neurology Service,111,226685,15.7,53.8
2025-04|C_410,2025-04,C_410,Rheumatology Service,129,124070,11.0,66.3
2025-04|C_430,2025-04,C_430,Elderly Medicine Service,120,23622,7.5,81.7
2025-04|C_502,2025-04,C_502,Gynaecology Service,202,581381,15.0,55.1
2025-04|C_999,2025-04,C_999,Total,469,7421453,13.3,59.7
2025-04|X02,2025-04,X02,Other - Medical Services,169,635425,11.5,65.0
2025-04|X03,2025-04,X03,Other - Mental Health Services,31,2509,9.9,73.8
2025-04|X04,2025-04,X04,Other - Paediatric Services,121,332695,12.8,61.2
2025-04|X05,2025-04,X05,Other - Surgical Services,161,482845,12.5,61.2
2025-04|X06,2025-04,X06,Other - Other Services,204,165507,8.9,72.9
2025-05|C_100,2025-05,C_100,General Surgery Service,277,394767,13.8,60.2
2025-05|C_101,2025-05,C_101,Urology Service,222,401627,14.0,59.9
2025-05|C_110,2025-05,C_110,Trauma and Orthopaedic Service,306,851668,14.8,57.8
2025-05|C_120,2025-05,C_120,Ear Nose and Throat Service,176,637813,17.3,51.6
2025-05|C_130,2025-05,C_130,Ophthalmology Service,290,591689,10.6,70.2
2025-05|C_140,2025-05,C_140,Oral Surgery Service,123,330318,17.3,51.7
2025-05|C_150,2025-05,C_150,Neurosurgical Service,59,58778,13.9,60.4
2025-05|C_160,2025-05,C_160,Plastic Surgery Service,124,102837,15.4,55.6
2025-05|C_170,2025-05,C_170,Cardiothoracic Surgery Service,49,9991,11.7,67.1
2025-05|C_300,2025-05,C_300,General Internal Medicine Service,112,37880,11.5,70.0
2025-05|C_301,2025-05,C_301,Gastroenterology Service,218,377572,12.7,63.8
2025-05|C_320,2025-05,C_320,Cardiology Service,143,401421,13.7,61.5
2025-05|C_330,2025-05,C_330,Dermatology Service,125,413963,12.4,62.5
2025-05|C_340,2025-05,C_340,Respiratory Medicine Service,129,208340,12.7,64.8
2025-05|C_400,2025-05,C_400,Neurology Service,108,225459,15.8,55.4
2025-05|C_410,2025-05,C_410,Rheumatology Service,130,123363,11.3,67.9
2025-05|C_430,2025-05,C_430,Elderly Medicine Service,120,23648,7.7,83.0
2025-05|C_502,2025-05,C_502,Gynaecology Service,200,579525,15.4,56.4
2025-05|C_999,2025-05,C_999,Total,468,7388277,13.6,60.9
2025-05|X02,2025-05,X02,Other - Medical Services,172,640580,12.0,65.8
2025-05|X03,2025-05,X03,Other - Mental Health Services,34,2438,9.6,77.3
2025-05|X04,2025-05,X04,Other - Paediatric Services,122,332200,13.3,62.4
2025-05|X05,2025-05,X05,Other - Surgical Services,162,482498,12.9,62.2
2025-05|X06,2025-05,X06,Other - Other Services,203,159902,9.2,74.8
2025-06|C_100,2025-06,C_100,General Surgery Service,277,395532,13.5,61.1
2025-06|C_101,2025-06,C_101,Urology Service,220,396943,13.9,60.2
2025-06|C_110,2025-06,C_110,Trauma and Orthopaedic Service,307,856854,14.5,58.7
2025-06|C_120,2025-06,C_120,Ear Nose and Throat Service,176,637470,17.2,51.8
2025-06|C_130,2025-06,C_130,Ophthalmology Service,293,594477,10.3,70.6
2025-06|C_140,2025-06,C_140,Oral Surgery Service,123,328404,17.3,51.6
2025-06|C_150,2025-06,C_150,Neurosurgical Service,61,57991,13.9,60.4
2025-06|C_160,2025-06,C_160,Plastic Surgery Service,122,103945,14.9,57.0
2025-06|C_170,2025-06,C_170,Cardiothoracic Surgery Service,53,10358,9.8,71.1
2025-06|C_300,2025-06,C_300,General Internal Medicine Service,112,37569,11.5,69.5
2025-06|C_301,2025-06,C_301,Gastroenterology Service,217,374586,12.5,64.6
2025-06|C_320,2025-06,C_320,Cardiology Service,143,396660,13.7,61.8
2025-06|C_330,2025-06,C_330,Dermatology Service,127,429065,12.1,63.6
2025-06|C_340,2025-06,C_340,Respiratory Medicine Service,128,204616,12.3,66.0
2025-06|C_400,2025-06,C_400,Neurology Service,113,225658,15.4,56.4
2025-06|C_410,2025-06,C_410,Rheumatology Service,131,124517,11.3,68.8
2025-06|C_430,2025-06,C_430,Elderly Medicine Service,121,24385,7.1,84.2
2025-06|C_502,2025-06,C_502,Gynaecology Service,199,581261,15.1,57.1
2025-06|C_999,2025-06,C_999,Total,471,7400275,13.4,61.5
2025-06|X02,2025-06,X02,Other - Medical Services,173,644898,11.9,66.3
2025-06|X03,2025-06,X03,Other - Mental Health Services,33,2478,9.5,74.3
2025-06|X04,2025-06,X04,Other - Paediatric Services,123,329872,13.2,62.6
2025-06|X05,2025-06,X05,Other - Surgical Services,161,486919,12.5,63.0
2025-06|X06,2025-06,X06,Other - Other Services,205,155817,8.6,74.6
2025-07|C_100,2025-07,C_100,General Surgery Service,275,395792,13.1,61.1
2025-07|C_101,2025-07,C_101,Urology Service,222,390620,13.5,60.1
2025-07|C_110,2025-07,C_110,Trauma and Orthopaedic Service,306,856088,14.2,58.6
2025-07|C_120,2025-07,C_120,Ear Nose and Throat Service,173,630229,17.6,50.9
2025-07|C_130,2025-07,C_130,Ophthalmology Service,294,587925,10.3,70.0
2025-07|C_140,2025-07,C_140,Oral Surgery Service,124,323107,17.5,51.1
2025-07|C_150,2025-07,C_150,Neurosurgical Service,59,57791,13.7,59.7
2025-07|C_160,2025-07,C_160,Plastic Surgery Service,125,102834,14.1,57.8
2025-07|C_170,2025-07,C_170,Cardiothoracic Surgery Service,47,9293,10.1,70.5
2025-07|C_300,2025-07,C_300,General Internal Medicine Service,112,35003,11.2,67.6
2025-07|C_301,2025-07,C_301,Gastroenterology Service,219,375775,11.9,64.5
2025-07|C_320,2025-07,C_320,Cardiology Service,144,389777,13.3,61.6
2025-07|C_330,2025-07,C_330,Dermatology Service,130,437764,11.5,64.1
2025-07|C_340,2025-07,C_340,Respiratory Medicine Service,128,200527,11.7,65.7
2025-07|C_400,2025-07,C_400,Neurology Service,106,221445,15.6,55.9
2025-07|C_410,2025-07,C_410,Rheumatology Service,131,123610,11.0,68.0
2025-07|C_430,2025-07,C_430,Elderly Medicine Service,120,25208,6.9,84.6
2025-07|C_502,2025-07,C_502,Gynaecology Service,197,576835,15.4,56.4
2025-07|C_999,2025-07,C_999,Total,474,7334286,13.1,61.2
2025-07|X02,2025-07,X02,Other - Medical Services,171,630153,11.3,66.2
2025-07|X03,2025-07,X03,Other - Mental Health Services,32,2645,10.0,73.5
2025-07|X04,2025-07,X04,Other - Paediatric Services,124,331362,13.1,61.8
2025-07|X05,2025-07,X05,Other - Surgical Services,160,478284,12.0,62.7
2025-07|X06,2025-07,X06,Other - Other Services,202,152219,8.6,74.2
2025-08|C_100,2025-08,C_100,General Surgery Service,275,396097,13.4,61.1
2025-08|C_101,2025-08,C_101,Urology Service,222,388076,13.8,59.9
2025-08|C_110,2025-08,C_110,Trauma and Orthopaedic Service,306,865083,14.5,58.6
2025-08|C_120,2025-08,C_120,Ear Nose and Throat Service,175,625167,17.9,50.2
2025-08|C_130,2025-08,C_130,Ophthalmology Service,298,589527,10.6,69.8
2025-08|C_140,2025-08,C_140,Oral Surgery Service,122,321708,17.8,50.5
2025-08|C_150,2025-08,C_150,Neurosurgical Service,63,58447,14.3,59.5
2025-08|C_160,2025-08,C_160,Plastic Surgery Service,122,103364,14.5,57.9
2025-08|C_170,2025-08,C_170,Cardiothoracic Surgery Service,50,9321,10.9,69.2
2025-08|C_300,2025-08,C_300,General Internal Medicine Service,109,34683,11.3,67.5
2025-08|C_301,2025-08,C_301,Gastroenterology Service,220,378334,12.4,64.0
2025-08|C_320,2025-08,C_320,Cardiology Service,141,388137,13.6,61.1
2025-08|C_330,2025-08,C_330,Dermatology Service,126,440465,12.0,64.2
2025-08|C_340,2025-08,C_340,Respiratory Medicine Service,126,197085,12.2,65.6
2025-08|C_400,2025-08,C_400,Neurology Service,106,222355,15.4,55.9
2025-08|C_410,2025-08,C_410,Rheumatology Service,133,124196,11.7,67.1
2025-08|C_430,2025-08,C_430,Elderly Medicine Service,120,25971,7.6,83.6
2025-08|C_502,2025-08,C_502,Gynaecology Service,197,576774,15.3,56.3
2025-08|C_999,2025-08,C_999,Total,476,7345544,13.5,60.9
2025-08|X02,2025-08,X02,Other - Medical Services,171,641459,11.7,66.2
2025-08|X03,2025-08,X03,Other - Mental Health Services,32,2762,10.8,70.8
2025-08|X04,2025-08,X04,Other - Paediatric Services,123,329500,14.0,60.6
2025-08|X05,2025-08,X05,Other - Surgical Services,159,476402,12.5,62.6
2025-08|X06,2025-08,X06,Other - Other Services,199,150631,9.2,74.1
2025-09|C_100,2025-09,C_100,General Surgery Service,274,394291,13.4,61.8
2025-09|C_101,2025-09,C_101,Urology Service,225,389179,13.4,61.4
2025-09|C_110,2025-09,C_110,Trauma and Orthopaedic Service,307,869508,14.3,59.5
2025-09|C_120,2025-09,C_120,Ear Nose and Throat Service,173,619049,17.5,51.2
2025-09|C_130,2025-09,C_130,Ophthalmology Service,296,591922,10.4,70.6
2025-09|C_140,2025-09,C_140,Oral Surgery Service,121,319102,17.6,50.9
2025-09|C_150,2025-09,C_150,Neurosurgical Service,62,58489,13.8,61.0
2025-09|C_160,2025-09,C_160,Plastic Surgery Service,124,105055,14.3,58.7
2025-09|C_170,2025-09,C_170,Cardiothoracic Surgery Service,50,9269,10.8,70.0
2025-09|C_300,2025-09,C_300,General Internal Medicine Service,107,35445,11.2,68.7
2025-09|C_301,2025-09,C_301,Gastroenterology Service,220,380312,12.3,65.1
2025-09|C_320,2025-09,C_320,Cardiology Service,141,389813,13.3,62.4
2025-09|C_330,2025-09,C_330,Dermatology Service,127,436966,12.3,64.0
2025-09|C_340,2025-09,C_340,Respiratory Medicine Service,126,192497,12.2,66.5
2025-09|C_400,2025-09,C_400,Neurology Service,111,222324,15.2,57.1
2025-09|C_410,2025-09,C_410,Rheumatology Service,133,122697,11.8,67.4
2025-09|C_430,2025-09,C_430,Elderly Medicine Service,120,26079,7.7,84.1
2025-09|C_502,2025-09,C_502,Gynaecology Service,196,576885,15.1,57.1
2025-09|C_999,2025-09,C_999,Total,476,7329574,13.4,61.7
2025-09|X02,2025-09,X02,Other - Medical Services,172,637259,11.8,66.7
2025-09|X03,2025-09,X03,Other - Mental Health Services,35,2676,12.3,67.3
2025-09|X04,2025-09,X04,Other - Paediatric Services,124,322730,13.9,60.9
2025-09|X05,2025-09,X05,Other - Surgical Services,156,477059,12.6,63.3
2025-09|X06,2025-09,X06,Other - Other Services,201,150968,9.0,74.9
2025-10|C_100,2025-10,C_100,General Surgery Service,275,392001,13.5,61.2
2025-10|C_101,2025-10,C_101,Urology Service,222,390137,13.1,61.9
2025-10|C_110,2025-10,C_110,Trauma and Orthopaedic Service,309,867625,14.4,59.1
2025-10|C_120,2025-10,C_120,Ear Nose and Throat Service,174,615457,17.4,51.3
2025-10|C_130,2025-10,C_130,Ophthalmology Service,297,600728,10.2,70.9
2025-10|C_140,2025-10,C_140,Oral Surgery Service,120,317880,17.6,50.9
2025-10|C_150,2025-10,C_150,Neurosurgical Service,59,58245,13.5,61.6
2025-10|C_160,2025-10,C_160,Plastic Surgery Service,120,105548,14.8,57.3
2025-10|C_170,2025-10,C_170,Cardiothoracic Surgery Service,50,9326,10.3,70.3
2025-10|C_300,2025-10,C_300,General Internal Medicine Service,107,37037,11.0,69.2
2025-10|C_301,2025-10,C_301,Gastroenterology Service,219,383164,12.2,65.3
2025-10|C_320,2025-10,C_320,Cardiology Service,143,388897,13.2,62.7
2025-10|C_330,2025-10,C_330,Dermatology Service,126,434502,12.8,62.9
2025-10|C_340,2025-10,C_340,Respiratory Medicine Service,127,189090,11.9,66.7
2025-10|C_400,2025-10,C_400,Neurology Service,110,224733,15.0,57.5
2025-10|C_410,2025-10,C_410,Rheumatology Service,131,121595,11.8,66.8
2025-10|C_430,2025-10,C_430,Elderly Medicine Service,120,26135,7.4,83.6
2025-10|C_502,2025-10,C_502,Gynaecology Service,199,577404,15.0,57.4
2025-10|C_999,2025-10,C_999,Total,478,7337076,13.3,61.7
2025-10|X02,2025-10,X02,Other - Medical Services,173,636088,11.7,66.3
2025-10|X03,2025-10,X03,Other - Mental Health Services,35,2900,10.2,70.5
2025-10|X04,2025-10,X04,Other - Paediatric Services,123,320923,13.7,60.9
2025-10|X05,2025-10,X05,Other - Surgical Services,160,483574,12.6,63.2
2025-10|X06,2025-10,X06,Other - Other Services,197,154087,8.5,74.9
2025-11|C_100,2025-11,C_100,General Surgery Service,278,381777,13.3,61.0
2025-11|C_101,2025-11,C_101,Urology Service,220,384642,12.6,62.3
2025-11|C_110,2025-11,C_110,Trauma and Orthopaedic Service,308,854156,14.3,58.9
2025-11|C_120,2025-11,C_120,Ear Nose and Throat Service,173,589891,17.1,52.0
2025-11|C_130,2025-11,C_130,Ophthalmology Service,317,599944,10.0,70.7
2025-11|C_140,2025-11,C_140,Oral Surgery Service,119,314455,17.3,51.6
2025-11|C_150,2025-11,C_150,Neurosurgical Service,62,55317,13.6,60.6
2025-11|C_160,2025-11,C_160,Plastic Surgery Service,119,106160,15.1,56.9
2025-11|C_170,2025-11,C_170,Cardiothoracic Surgery Service,48,9279,9.9,71.0
2025-11|C_300,2025-11,C_300,General Internal Medicine Service,103,36408,11.0,68.3
2025-11|C_301,2025-11,C_301,Gastroenterology Service,219,376024,12.0,64.8
2025-11|C_320,2025-11,C_320,Cardiology Service,141,384970,12.7,62.9
2025-11|C_330,2025-11,C_330,Dermatology Service,126,414724,12.9,61.8
2025-11|C_340,2025-11,C_340,Respiratory Medicine Service,126,184964,11.4,67.0
2025-11|C_400,2025-11,C_400,Neurology Service,107,219159,15.0,57.3
2025-11|C_410,2025-11,C_410,Rheumatology Service,131,118613,11.5,66.7
2025-11|C_430,2025-11,C_430,Elderly Medicine Service,119,25922,7.8,81.8
2025-11|C_502,2025-11,C_502,Gynaecology Service,198,564583,14.8,57.4
2025-11|C_999,2025-11,C_999,Total,498,7191310,12.9,61.6
2025-11|X02,2025-11,X02,Other - Medical Services,172,617922,11.4,65.9
2025-11|X03,2025-11,X03,Other - Mental Health Services,34,2797,9.4,70.9
2025-11|X04,2025-11,X04,Other - Paediatric Services,122,317397,12.8,61.1
2025-11|X05,2025-11,X05,Other - Surgical Services,157,479566,12.3,62.9
2025-11|X06,2025-11,X06,Other - Other Services,195,152640,8.8,74.6
2025-12|C_100,2025-12,C_100,General Surgery Service,278,386066,14.0,60.1
2025-12|C_101,2025-12,C_101,Urology Service,222,391331,12.9,62.8
2025-12|C_110,2025-12,C_110,Trauma and Orthopaedic Service,308,853046,14.7,58.2
2025-12|C_120,2025-12,C_120,Ear Nose and Throat Service,171,591034,16.9,52.5
2025-12|C_130,2025-12,C_130,Ophthalmology Service,320,603289,10.9,70.2
2025-12|C_140,2025-12,C_140,Oral Surgery Service,118,318622,17.1,51.8
2025-12|C_150,2025-12,C_150,Neurosurgical Service,58,59391,14.0,60.5
2025-12|C_160,2025-12,C_160,Plastic Surgery Service,117,105324,15.8,55.2
2025-12|C_170,2025-12,C_170,Cardiothoracic Surgery Service,47,9392,10.1,71.9
2025-12|C_300,2025-12,C_300,General Internal Medicine Service,107,37148,12.0,68.0
2025-12|C_301,2025-12,C_301,Gastroenterology Service,219,381906,12.4,64.7
2025-12|C_320,2025-12,C_320,Cardiology Service,141,388079,13.0,63.2
2025-12|C_330,2025-12,C_330,Dermatology Service,126,405659,13.9,59.9
2025-12|C_340,2025-12,C_340,Respiratory Medicine Service,127,184992,11.5,67.7
2025-12|C_400,2025-12,C_400,Neurology Service,108,222750,15.2,57.0
2025-12|C_410,2025-12,C_410,Rheumatology Service,131,117989,11.9,66.7
2025-12|C_430,2025-12,C_430,Elderly Medicine Service,120,26735,8.4,80.9
2025-12|C_502,2025-12,C_502,Gynaecology Service,197,572008,15.1,57.3
2025-12|C_999,2025-12,C_999,Total,504,7231880,13.5,61.4
2025-12|X02,2025-12,X02,Other - Medical Services,171,621799,11.8,66.0
2025-12|X03,2025-12,X03,Other - Mental Health Services,32,2791,9.9,73.3
2025-12|X04,2025-12,X04,Other - Paediatric Services,124,318140,12.9,62.4
2025-12|X05,2025-12,X05,Other - Surgical Services,157,481435,12.9,62.4
2025-12|X06,2025-12,X06,Other - Other Services,194,152954,9.3,75.0
2026-01|C_100,2026-01,C_100,General Surgery Service,279,386565,14.2,59.5
2026-01|C_101,2026-01,C_101,Urology Service,222,390044,13.1,62.8
2026-01|C_110,2026-01,C_110,Trauma and Orthopaedic Service,308,845246,15.2,57.6
2026-01|C_120,2026-01,C_120,Ear Nose and Throat Service,170,589045,16.6,53.3
2026-01|C_130,2026-01,C_130,Ophthalmology Service,330,598650,11.3,69.7
2026-01|C_140,2026-01,C_140,Oral Surgery Service,118,318440,17.0,52.4
2026-01|C_150,2026-01,C_150,Neurosurgical Service,58,58192,14.3,60.4
2026-01|C_160,2026-01,C_160,Plastic Surgery Service,116,104152,16.2,54.2
2026-01|C_170,2026-01,C_170,Cardiothoracic Surgery Service,45,9293,11.0,71.2
2026-01|C_300,2026-01,C_300,General Internal Medicine Service,105,37048,11.9,66.9
2026-01|C_301,2026-01,C_301,Gastroenterology Service,218,383697,12.6,64.8
2026-01|C_320,2026-01,C_320,Cardiology Service,142,385038,12.9,63.9
2026-01|C_330,2026-01,C_330,Dermatology Service,125,396831,14.0,59.8
2026-01|C_340,2026-01,C_340,Respiratory Medicine Service,127,185422,11.2,69.3
2026-01|C_400,2026-01,C_400,Neurology Service,109,219187,15.4,57.0
2026-01|C_410,2026-01,C_410,Rheumatology Service,129,116258,12.1,66.3
2026-01|C_430,2026-01,C_430,Elderly Medicine Service,121,26371,8.7,79.3
2026-01|C_502,2026-01,C_502,Gynaecology Service,195,566350,15.3,56.8
2026-01|C_999,2026-01,C_999,Total,515,7187677,13.6,61.4
2026-01|X02,2026-01,X02,Other - Medical Services,172,618094,12.0,66.1
2026-01|X03,2026-01,X03,Other - Mental Health Services,34,2981,9.3,77.0
2026-01|X04,2026-01,X04,Other - Paediatric Services,123,316214,12.9,63.3
2026-01|X05,2026-01,X05,Other - Surgical Services,158,483202,13.0,62.2
2026-01|X06,2026-01,X06,Other - Other Services,193,151357,9.7,73.9
2026-02|C_100,2026-02,C_100,General Surgery Service,278,385499,13.9,60.3
2026-02|C_101,2026-02,C_101,Urology Service,220,386911,12.7,63.9
2026-02|C_110,2026-02,C_110,Trauma and Orthopaedic Service,307,837743,15.0,57.6
2026-02|C_120,2026-02,C_120,Ear Nose and Throat Service,171,587637,15.8,55.1
2026-02|C_130,2026-02,C_130,Ophthalmology Service,329,602540,10.9,70.6
2026-02|C_140,2026-02,C_140,Oral Surgery Service,118,322932,16.5,53.6
2026-02|C_150,2026-02,C_150,Neurosurgical Service,60,56821,14.1,60.5
2026-02|C_160,2026-02,C_160,Plastic Surgery Service,117,103747,15.9,54.7
2026-02|C_170,2026-02,C_170,Cardiothoracic Surgery Service,45,9323,11.1,71.4
2026-02|C_300,2026-02,C_300,General Internal Medicine Service,108,37666,11.4,68.1
2026-02|C_301,2026-02,C_301,Gastroenterology Service,216,379573,12.2,65.9
2026-02|C_320,2026-02,C_320,Cardiology Service,144,382774,12.3,65.8
2026-02|C_330,2026-02,C_330,Dermatology Service,126,381323,13.4,61.3
2026-02|C_340,2026-02,C_340,Respiratory Medicine Service,128,185125,10.5,71.7
2026-02|C_400,2026-02,C_400,Neurology Service,109,216273,15.0,57.5
2026-02|C_410,2026-02,C_410,Rheumatology Service,128,114276,11.7,67.3
2026-02|C_430,2026-02,C_430,Elderly Medicine Service,120,26545,7.4,80.4
2026-02|C_502,2026-02,C_502,Gynaecology Service,196,565435,14.8,57.9
2026-02|C_999,2026-02,C_999,Total,513,7156212,13.2,62.5
2026-02|X02,2026-02,X02,Other - Medical Services,174,624597,11.5,67.4
2026-02|X03,2026-02,X03,Other - Mental Health Services,35,3036,7.9,80.3
2026-02|X04,2026-02,X04,Other - Paediatric Services,125,316672,12.4,64.7
2026-02|X05,2026-02,X05,Other - Surgical Services,157,476457,12.5,63.5
2026-02|X06,2026-02,X06,Other - Other Services,187,153307,8.5,74.8
2026-03|C_100,2026-03,C_100,General Surgery Service,281,376693,12.1,62.9
2026-03|C_101,2026-03,C_101,Urology Service,221,378188,11.4,66.3
2026-03|C_110,2026-03,C_110,Trauma and Orthopaedic Service,309,826172,14.5,59.1
2026-03|C_120,2026-03,C_120,Ear Nose and Throat Service,174,580054,14.6,58.4
2026-03|C_130,2026-03,C_130,Ophthalmology Service,345,603966,9.1,72.8
2026-03|C_140,2026-03,C_140,Oral Surgery Service,118,320612,15.9,55.6
2026-03|C_150,2026-03,C_150,Neurosurgical Service,61,56423,12.7,62.2
2026-03|C_160,2026-03,C_160,Plastic Surgery Service,116,101370,15.2,56.6
2026-03|C_170,2026-03,C_170,Cardiothoracic Surgery Service,46,9135,9.6,73.3
2026-03|C_300,2026-03,C_300,General Internal Medicine Service,108,37173,9.8,71.8
2026-03|C_301,2026-03,C_301,Gastroenterology Service,229,366951,10.4,69.8
2026-03|C_320,2026-03,C_320,Cardiology Service,141,375773,10.7,69.3
2026-03|C_330,2026-03,C_330,Dermatology Service,125,372060,10.9,65.0
2026-03|C_340,2026-03,C_340,Respiratory Medicine Service,127,183922,9.0,75.0
2026-03|C_400,2026-03,C_400,Neurology Service,111,208673,13.8,60.6
2026-03|C_410,2026-03,C_410,Rheumatology Service,132,112400,9.9,70.4
2026-03|C_430,2026-03,C_430,Elderly Medicine Service,120,26038,7.2,82.8
2026-03|C_502,2026-03,C_502,Gynaecology Service,198,555528,13.4,60.8
2026-03|C_999,2026-03,C_999,Total,532,7045510,11.3,65.2
2026-03|X02,2026-03,X02,Other - Medical Services,171,614175,9.8,70.6
2026-03|X03,2026-03,X03,Other - Mental Health Services,30,3178,8.2,81.7
2026-03|X04,2026-03,X04,Other - Paediatric Services,122,316520,10.6,67.7
2026-03|X05,2026-03,X05,Other - Surgical Services,158,467771,10.7,66.1
2026-03|X06,2026-03,X06,Other - Other Services,193,152735,7.9,77.2
2026-04|C_100,2026-04,C_100,General Surgery Service,280,382295,12.7,62.7
2026-04|C_101,2026-04,C_101,Urology Service,221,378422,12.2,64.9
2026-04|C_110,2026-04,C_110,Trauma and Orthopaedic Service,311,827992,13.9,58.8
2026-04|C_120,2026-04,C_120,Ear Nose and Throat Service,168,589187,14.1,58.3
2026-04|C_130,2026-04,C_130,Ophthalmology Service,343,612588,9.7,73.1
2026-04|C_140,2026-04,C_140,Oral Surgery Service,115,321516,15.2,54.9
2026-04|C_150,2026-04,C_150,Neurosurgical Service,61,57342,12.7,62.3
2026-04|C_160,2026-04,C_160,Plastic Surgery Service,115,102433,14.3,56.6
2026-04|C_170,2026-04,C_170,Cardiothoracic Surgery Service,44,9122,9.9,72.0
2026-04|C_300,2026-04,C_300,General Internal Medicine Service,111,37894,10.8,70.7
2026-04|C_301,2026-04,C_301,Gastroenterology Service,217,372204,11.1,69.0
2026-04|C_320,2026-04,C_320,Cardiology Service,141,378687,11.4,68.4
2026-04|C_330,2026-04,C_330,Dermatology Service,122,380277,11.2,65.7
2026-04|C_340,2026-04,C_340,Respiratory Medicine Service,124,188387,9.7,74.7
2026-04|C_400,2026-04,C_400,Neurology Service,108,209399,13.5,60.1
2026-04|C_410,2026-04,C_410,Rheumatology Service,131,115478,10.6,69.6
2026-04|C_430,2026-04,C_430,Elderly Medicine Service,119,26513,7.6,82.4
2026-04|C_502,2026-04,C_502,Gynaecology Service,197,564686,13.3,60.2
2026-04|C_999,2026-04,C_999,Total,528,7123980,11.9,64.9
2026-04|X02,2026-04,X02,Other - Medical Services,168,620792,10.3,70.4
2026-04|X03,2026-04,X03,Other - Mental Health Services,32,3048,8.7,79.2
2026-04|X04,2026-04,X04,Other - Paediatric Services,122,320713,11.3,67.6
2026-04|X05,2026-04,X05,Other - Surgical Services,155,465868,11.4,65.5
2026-04|X06,2026-04,X06,Other - Other Services,189,159137,8.4,76.2
2026-05|C_100,2026-05,C_100,General Surgery Service,277,382013,13.3,62.7
2026-05|C_101,2026-05,C_101,Urology Service,218,378952,12.7,64.7
2026-05|C_110,2026-05,C_110,Trauma and Orthopaedic Service,311,835954,14.2,59.8
2026-05|C_120,2026-05,C_120,Ear Nose and Throat Service,168,595204,14.8,58.9
2026-05|C_130,2026-05,C_130,Ophthalmology Service,346,626414,10.2,74.1
2026-05|C_140,2026-05,C_140,Oral Surgery Service,115,322030,16.0,55.4
2026-05|C_150,2026-05,C_150,Neurosurgical Service,58,57463,13.6,62.0
2026-05|C_160,2026-05,C_160,Plastic Surgery Service,112,103367,14.6,58.1
2026-05|C_170,2026-05,C_170,Cardiothoracic Surgery Service,45,9177,10.5,71.9
2026-05|C_300,2026-05,C_300,General Internal Medicine Service,107,38172,11.4,70.9
2026-05|C_301,2026-05,C_301,Gastroenterology Service,233,370698,11.8,69.0
2026-05|C_320,2026-05,C_320,Cardiology Service,139,379784,12.1,68.3
2026-05|C_330,2026-05,C_330,Dermatology Service,122,384766,11.3,67.2
2026-05|C_340,2026-05,C_340,Respiratory Medicine Service,125,191385,10.3,74.9
2026-05|C_400,2026-05,C_400,Neurology Service,106,210243,14.0,61.1
2026-05|C_410,2026-05,C_410,Rheumatology Service,131,118229,10.9,70.5
2026-05|C_430,2026-05,C_430,Elderly Medicine Service,119,26569,7.8,82.8
2026-05|C_502,2026-05,C_502,Gynaecology Service,199,572886,13.9,60.9
2026-05|C_999,2026-05,C_999,Total,532,7184233,12.4,65.5
2026-05|X02,2026-05,X02,Other - Medical Services,167,624416,10.9,70.9
2026-05|X03,2026-05,X03,Other - Mental Health Services,29,3420,9.3,82.0
2026-05|X04,2026-05,X04,Other - Paediatric Services,122,324322,11.8,68.3
2026-05|X05,2026-05,X05,Other - Surgical Services,155,469136,11.9,66.1
2026-05|X06,2026-05,X06,Other - Other Services,190,159633,8.9,76.9
2026-06|C_100,2026-06,C_100,General Surgery Service,280,382851,13.1,63.0
2026-06|C_101,2026-06,C_101,Urology Service,219,373998,12.3,65.0
2026-06|C_110,2026-06,C_110,Trauma and Orthopaedic Service,311,837484,13.8,60.6
2026-06|C_120,2026-06,C_120,Ear Nose and Throat Service,168,595473,14.7,59.0
2026-06|C_130,2026-06,C_130,Ophthalmology Service,350,622977,9.9,73.8
2026-06|C_140,2026-06,C_140,Oral Surgery Service,117,320552,16.0,55.0
2026-06|C_150,2026-06,C_150,Neurosurgical Service,59,56667,13.4,62.8
2026-06|C_160,2026-06,C_160,Plastic Surgery Service,112,105372,14.0,59.3
2026-06|C_170,2026-06,C_170,Cardiothoracic Surgery Service,44,9161,9.9,72.8
2026-06|C_300,2026-06,C_300,General Internal Medicine Service,107,36576,10.5,71.4
2026-06|C_301,2026-06,C_301,Gastroenterology Service,212,362052,11.0,69.3
2026-06|C_320,2026-06,C_320,Cardiology Service,136,373459,11.7,68.2
2026-06|C_330,2026-06,C_330,Dermatology Service,122,399463,10.2,69.0
2026-06|C_340,2026-06,C_340,Respiratory Medicine Service,125,189478,9.8,74.8
2026-06|C_400,2026-06,C_400,Neurology Service,107,209198,13.7,61.7
2026-06|C_410,2026-06,C_410,Rheumatology Service,131,118749,10.4,70.8
2026-06|C_430,2026-06,C_430,Elderly Medicine Service,119,26639,7.3,83.1
2026-06|C_502,2026-06,C_502,Gynaecology Service,201,577108,13.9,61.0
2026-06|C_999,2026-06,C_999,Total,537,7178718,11.9,65.8
2026-06|X02,2026-06,X02,Other - Medical Services,169,618643,10.4,71.0
2026-06|X03,2026-06,X03,Other - Mental Health Services,31,3583,8.7,82.1
2026-06|X04,2026-06,X04,Other - Paediatric Services,121,327450,11.3,68.4
2026-06|X05,2026-06,X05,Other - Surgical Services,156,471976,11.2,66.4
2026-06|X06,2026-06,X06,Other - Other Services,189,159809,8.3,76.7
